{"actions":[],"apps":[{"acl":{"app":[],"field":[],"record":[]},"app":null,"category":{"categories":[],"useCategory":"false"},"form":{"layout":"[{\"id\":null,\"type\":\"ROW\",\"isSubTable\":false,\"var\":null,\"controlList\":[{\"styleMap\":{\"width\":65,\"height\":38},\"innerComponentSize\":{\"width\":50,\"height\":30},\"elementId\":\"bannerSpace\",\"type\":\"SPACER\"}]},{\"id\":null,\"type\":\"ROW\",\"isSubTable\":false,\"var\":null,\"controlList\":[{\"isVirtical\":true,\"styleMap\":{\"width\":432,\"height\":58},\"innerComponentSize\":{\"width\":417,\"height\":28},\"type\":\"SINGLE_LINE_TEXT\",\"var\":\"title\",\"label\":\"\\u30bf\\u30a4\\u30c8\\u30eb\"},{\"isVirtical\":true,\"styleMap\":{\"width\":193,\"height\":58},\"innerComponentSize\":{\"width\":178,\"height\":28},\"type\":\"SINGLE_LINE_TEXT\",\"var\":\"id\",\"label\":\"ID\"}]},{\"id\":null,\"type\":\"ROW\",\"isSubTable\":false,\"var\":null,\"controlList\":[{\"isVirtical\":true,\"styleMap\":{\"width\":185,\"height\":32},\"innerComponentSize\":{\"width\":170,\"height\":24},\"type\":\"DATETIME\",\"var\":\"starts_at\",\"label\":\"\\u65e5\\u6642\\uff08\\u958b\\u59cb\\uff09\"},{\"label\":\"\\u301c\",\"styleMap\":{\"width\":48,\"height\":33},\"innerComponentSize\":{\"width\":19,\"height\":25},\"type\":\"LABEL\"},{\"isVirtical\":true,\"styleMap\":{\"width\":185,\"height\":32},\"innerComponentSize\":{\"width\":170,\"height\":24},\"type\":\"DATETIME\",\"var\":\"ends_at\",\"label\":\"\\u65e5\\u6642\\uff08\\u7d42\\u4e86\\uff09\"}]},{\"id\":null,\"type\":\"ROW\",\"isSubTable\":false,\"var\":null,\"controlList\":[{\"styleMap\":{\"width\":65,\"height\":38},\"innerComponentSize\":{\"width\":50,\"height\":30},\"elementId\":\"\",\"type\":\"SPACER\"}]},{\"id\":null,\"type\":\"ROW\",\"isSubTable\":false,\"var\":null,\"controlList\":[{\"isVirtical\":true,\"styleMap\":{\"width\":432,\"height\":58},\"innerComponentSize\":{\"width\":417,\"height\":28},\"type\":\"SINGLE_LINE_TEXT\",\"var\":\"venue_name\",\"label\":\"\\u30a4\\u30d9\\u30f3\\u30c8\\u4f1a\\u5834\\u540d\"}]},{\"id\":null,\"type\":\"ROW\",\"isSubTable\":false,\"var\":null,\"controlList\":[{\"isVirtical\":true,\"styleMap\":{\"width\":432,\"height\":58},\"innerComponentSize\":{\"width\":417,\"height\":28},\"type\":\"SINGLE_LINE_TEXT\",\"var\":\"address\",\"label\":\"\\u30a4\\u30d9\\u30f3\\u30c8\\u4f1a\\u5834\\u306e\\u4f4f\\u6240\"}]},{\"id\":null,\"type\":\"ROW\",\"isSubTable\":false,\"var\":null,\"controlList\":[{\"isVirtical\":true,\"styleMap\":{\"width\":216,\"height\":58},\"innerComponentSize\":{\"width\":201,\"height\":28},\"type\":\"SINGLE_LINE_TEXT\",\"var\":\"lat\",\"label\":\"\\u30a4\\u30d9\\u30f3\\u30c8\\u4f1a\\u5834\\u306e\\u4f4f\\u6240\\uff08\\u7def\\u5ea6\\uff09\"},{\"isVirtical\":true,\"styleMap\":{\"width\":216,\"height\":58},\"innerComponentSize\":{\"width\":201,\"height\":28},\"type\":\"SINGLE_LINE_TEXT\",\"var\":\"long\",\"label\":\"\\u30a4\\u30d9\\u30f3\\u30c8\\u4f1a\\u5834\\u306e\\u4f4f\\u6240\\uff08\\u7d4c\\u5ea6\\uff09\"}]},{\"id\":null,\"type\":\"ROW\",\"isSubTable\":false,\"var\":null,\"controlList\":[{\"isVirtical\":true,\"styleMap\":{\"width\":193,\"height\":58},\"innerComponentSize\":{\"width\":178,\"height\":28},\"type\":\"DECIMAL\",\"var\":\"ticket_limit\",\"label\":\"\\u5b9a\\u54e1\"},{\"isVirtical\":true,\"styleMap\":{\"width\":216,\"height\":58},\"innerComponentSize\":{\"width\":201,\"height\":28},\"type\":\"DECIMAL\",\"var\":\"participants\",\"label\":\"\\u53c2\\u52a0\\u8005\\u6570\"},{\"isVirtical\":true,\"styleMap\":{\"width\":216,\"height\":58},\"innerComponentSize\":{\"width\":201,\"height\":28},\"type\":\"DECIMAL\",\"var\":\"waitlisted\",\"label\":\"\\u30ad\\u30e3\\u30f3\\u30bb\\u30eb\\u5f85\\u3061\\u4eba\\u6570\"}]},{\"id\":null,\"type\":\"ROW\",\"isSubTable\":false,\"var\":null,\"controlList\":[{\"isVirtical\":true,\"styleMap\":{\"width\":625,\"height\":161},\"innerComponentSize\":{\"width\":610,\"height\":126},\"type\":\"MULTIPLE_LINE_TEXT\",\"var\":\"description\",\"label\":\"\\u30a4\\u30d9\\u30f3\\u30c8\\u5185\\u5bb9\"}]},{\"id\":null,\"type\":\"ROW\",\"isSubTable\":false,\"var\":null,\"controlList\":[{\"styleMap\":{\"width\":117,\"height\":38},\"innerComponentSize\":{\"width\":102,\"height\":30},\"elementId\":\"\",\"type\":\"SPACER\"}]},{\"id\":null,\"type\":\"ROW\",\"isSubTable\":false,\"var\":null,\"controlList\":[{\"isVirtical\":true,\"styleMap\":{\"width\":432,\"height\":58},\"innerComponentSize\":{\"width\":417,\"height\":28},\"type\":\"LINK\",\"var\":\"public_url\",\"label\":\"Doorkeeper\\u30a4\\u30d9\\u30f3\\u30c8URI\"}]},{\"id\":null,\"type\":\"ROW\",\"isSubTable\":false,\"var\":null,\"controlList\":[{\"isVirtical\":true,\"styleMap\":{\"width\":432,\"height\":58},\"innerComponentSize\":{\"width\":417,\"height\":28},\"type\":\"LINK\",\"var\":\"banner\",\"label\":\"\\u30d0\\u30ca\\u30fcURI\"}]},{\"id\":null,\"type\":\"ROW\",\"isSubTable\":false,\"var\":null,\"controlList\":[{\"isVirtical\":true,\"styleMap\":{\"width\":254,\"height\":54},\"innerComponentSize\":{\"width\":170,\"height\":24},\"type\":\"DATETIME\",\"var\":\"published_at\",\"label\":\"\\u30a4\\u30d9\\u30f3\\u30c8\\u4f5c\\u6210\\u65e5\\u6642\\uff08Doorkeeper\\uff09\"}]},{\"id\":null,\"type\":\"ROW\",\"isSubTable\":false,\"var\":null,\"controlList\":[{\"isVirtical\":true,\"styleMap\":{\"width\":254,\"height\":54},\"innerComponentSize\":{\"width\":170,\"height\":24},\"type\":\"DATETIME\",\"var\":\"updated_at\",\"label\":\"\\u30a4\\u30d9\\u30f3\\u30c8\\u66f4\\u65b0\\u65e5\\u6642\\uff08Doorkeeper\\uff09\"}]},{\"id\":null,\"type\":\"ROW\",\"isSubTable\":false,\"var\":null,\"controlList\":[{\"styleMap\":{\"width\":117,\"height\":66},\"innerComponentSize\":{\"width\":102,\"height\":52},\"elementId\":\"\",\"type\":\"SPACER\"}]}]","revision":null},"iconMeta":{"internalName":null,"mime":"image/jpeg","name":"kintone-cup2.jpg"},"info":{"code":null,"decimalPrecision":"16","decimalScale":"4","description":"Doorkeeperの「kintone Caf&eacute;」イベント情報を取り込みます。\u003Cdiv\u003E※DoorkeeperAPI（イベント取得）を利用\u003C/div\u003E\u003Cdiv\u003E\u003Cbr /\u003E\u003C/div\u003E\u003Cdiv\u003E\u003Cspan style=\"line-height: 1.5;\"\u003E「Doorkeeper」の\u003C/span\u003E「kintone Caf&eacute;」ページ　&rarr;　http://kintone-cafe.doorkeeper.jp/\u003C/div\u003E\u003Cdiv\u003E「cybozu.com developer network」の「コミュニティ」ー「勉強会・イベント」\u003Cspan style=\"line-height: 1.5;\"\u003E　\u003C/span\u003E\u003Cspan style=\"line-height: 1.5;\"\u003E&rarr;\u003C/span\u003E　\u003Cspan style=\"line-height: 1.5;\"\u003E&nbsp;\u003C/span\u003E\u003Cspan style=\"line-height: 1.5;\"\u003Ehttps://cybozudev.zendesk.com/hc/communities/public/topics/200112344\u003C/span\u003E\u003C/div\u003E","enableBulkDeletion":"true","fiscalYearStartMonth":"4","iconKey":"11509","iconType":"BLOB","jsFiles":null,"jsScope":"ALL","name":"kintone Caféイベントアプリ","roundingMode":"HALF_EVEN","theme":"ITEM","titleComponentLocalId":null,"titleMaxLength":"30","useComment":"true","useHistory":"true","useThumbnail":"true"},"jsFiles":[{"jsFileMetas":[{"internalName":null,"locationType":"BLOB","mime":"text/javascript","name":"dkKintoneCafe.js","url":null}],"jsType":"DESKTOP"}],"notification":{"appNotifications":[{"events":["RECORD_COMMENT_ADDED"],"target":{"entityId":"5113207","entityType":"FIELD_ENTITY","includeSubs":"false"}},{"events":["RECORD_COMMENT_ADDED"],"target":{"entityId":"5113208","entityType":"FIELD_ENTITY","includeSubs":"false"}}],"recordNotifications":[],"reminderTimezone":null,"reminders":[],"useComment":"true","useReminder":"false"},"plugin":{"pluginIds":[]},"reports":[{"advancedMode":"false","filter":{"category":null,"offset":null,"order":[],"q":null,"size":null,"sort":[]},"isAborted":null,"name":"Café開催件数推移（月単位）","processType":null,"report":"5113249","reportType":"SUBTOTAL","revision":null,"settings":"{\"groups\":[{\"id\":\"5113220\",\"op\":\"YEAR_MONTH\"}],\"summaries\":[{\"op\":\"COUNT\",\"id\":null}],\"chartType\":\"line\",\"sort\":[\"s0\"],\"order\":[\"DESC\"]}","tallyPeriod":null,"tallyStartDateTime":null},{"advancedMode":"false","filter":{"category":null,"offset":null,"order":[],"q":null,"size":null,"sort":[]},"isAborted":null,"name":"イベント別参加者数一覧","processType":null,"report":"5113251","reportType":"SUBTOTAL","revision":null,"settings":"{\"groups\":[{\"id\":\"5113214\",\"op\":null},{\"id\":\"5113226\",\"op\":null},{\"id\":\"5113232\",\"op\":null}],\"summaries\":[{\"op\":\"SUM\",\"id\":\"5113232\"}],\"chartType\":\"crosstable\",\"sort\":[\"s0\"],\"order\":[\"DESC\"]}","tallyPeriod":null,"tallyStartDateTime":null}],"resource":{"tables":[{"rows":[{"fields":[],"objectId":"0","subObjectId":"-1"}],"type":"AppName"},{"rows":[{"fields":[],"objectId":"5113206","subObjectId":"-1"},{"fields":[],"objectId":"5113207","subObjectId":"-1"},{"fields":[],"objectId":"5113208","subObjectId":"-1"},{"fields":[],"objectId":"5113209","subObjectId":"-1"},{"fields":[],"objectId":"5113210","subObjectId":"-1"},{"fields":[],"objectId":"5113211","subObjectId":"-1"},{"fields":[],"objectId":"5113212","subObjectId":"-1"},{"fields":[],"objectId":"5113213","subObjectId":"-1"},{"fields":[],"objectId":"5113214","subObjectId":"-1"},{"fields":[],"objectId":"5113215","subObjectId":"-1"},{"fields":[],"objectId":"5113220","subObjectId":"-1"},{"fields":[],"objectId":"5113221","subObjectId":"-1"},{"fields":[],"objectId":"5113222","subObjectId":"-1"},{"fields":[],"objectId":"5113223","subObjectId":"-1"},{"fields":[],"objectId":"5113224","subObjectId":"-1"},{"fields":[],"objectId":"5113225","subObjectId":"-1"},{"fields":[],"objectId":"5113226","subObjectId":"-1"},{"fields":[],"objectId":"5113227","subObjectId":"-1"},{"fields":[],"objectId":"5113228","subObjectId":"-1"},{"fields":[],"objectId":"5113229","subObjectId":"-1"},{"fields":[],"objectId":"5113230","subObjectId":"-1"},{"fields":[],"objectId":"5113231","subObjectId":"-1"},{"fields":[],"objectId":"5113232","subObjectId":"-1"},{"fields":[],"objectId":"5113233","subObjectId":"-1"}],"type":"FieldLabel"},{"rows":[{"fields":[],"objectId":"5113217","subObjectId":"-1"},{"fields":[],"objectId":"20","subObjectId":"-1"}],"type":"ViewName"},{"rows":[{"fields":[],"objectId":"5113249","subObjectId":"-1"},{"fields":[],"objectId":"5113251","subObjectId":"-1"}],"type":"ReportName"},{"rows":[{"fields":[],"objectId":"0","subObjectId":"-1"}],"type":"AppDescription"}]},"schema":{"groups":[],"revision":null,"subTable":{},"table":{"fieldList":{"5113206":{"id":"5113206","label":"レコード番号","properties":{"noLabel":"false","required":"true"},"type":"RECORD_ID","var":"レコード番号"},"5113207":{"id":"5113207","label":"更新者","properties":{"noLabel":"false","required":"true"},"type":"MODIFIER","var":"更新者"},"5113208":{"id":"5113208","label":"作成者","properties":{"noLabel":"false","required":"true"},"type":"CREATOR","var":"作成者"},"5113209":{"id":"5113209","label":"更新日時","properties":{"noLabel":"false","required":"true"},"type":"MODIFIED_AT","var":"更新日時"},"5113210":{"id":"5113210","label":"作成日時","properties":{"noLabel":"false","required":"true"},"type":"CREATED_AT","var":"作成日時"},"5113211":{"id":"5113211","label":"ステータス","properties":{"noLabel":"false","required":"false"},"type":"STATUS","var":"ステータス"},"5113212":{"id":"5113212","label":"作業者","properties":{"noLabel":"false","required":"false"},"type":"STATUS_ASSIGNEE","var":"作業者"},"5113213":{"id":"5113213","label":"カテゴリー","properties":{"noLabel":"false","required":"false"},"type":"CATEGORY","var":"カテゴリー"},"5113214":{"id":"5113214","label":"タイトル","properties":{"defaultValue":"","expression":"","hideExpression":"false","max":null,"min":null,"noLabel":"false","required":"false","unique":"false"},"type":"SINGLE_LINE_TEXT","var":"title"},"5113215":{"id":"5113215","label":"ID","properties":{"defaultValue":"","expression":"","hideExpression":"false","max":"64","min":null,"noLabel":"false","required":"false","unique":"true"},"type":"SINGLE_LINE_TEXT","var":"id"},"5113220":{"id":"5113220","label":"日時（開始）","properties":{"defaultExpression":"NOW","defaultValue":null,"noLabel":"true","required":"false","unique":"false"},"type":"DATETIME","var":"starts_at"},"5113221":{"id":"5113221","label":"日時（終了）","properties":{"defaultExpression":"NOW","defaultValue":null,"noLabel":"true","required":"false","unique":"false"},"type":"DATETIME","var":"ends_at"},"5113222":{"id":"5113222","label":"イベント会場名","properties":{"defaultValue":"","expression":"","hideExpression":"false","max":null,"min":null,"noLabel":"false","required":"false","unique":"false"},"type":"SINGLE_LINE_TEXT","var":"venue_name"},"5113223":{"id":"5113223","label":"イベント会場の住所","properties":{"defaultValue":"","expression":"","hideExpression":"false","max":null,"min":null,"noLabel":"false","required":"false","unique":"false"},"type":"SINGLE_LINE_TEXT","var":"address"},"5113224":{"id":"5113224","label":"イベント会場の住所（緯度）","properties":{"defaultValue":"","expression":"","hideExpression":"false","max":null,"min":null,"noLabel":"false","required":"false","unique":"false"},"type":"SINGLE_LINE_TEXT","var":"lat"},"5113225":{"id":"5113225","label":"イベント会場の住所（経度）","properties":{"defaultValue":"","expression":"","hideExpression":"false","max":null,"min":null,"noLabel":"false","required":"false","unique":"false"},"type":"SINGLE_LINE_TEXT","var":"long"},"5113226":{"id":"5113226","label":"定員","properties":{"defaultValue":null,"digit":"false","displayScale":null,"max":null,"min":null,"noLabel":"false","required":"false","roundingMode":null,"scale":null,"unique":"false"},"type":"DECIMAL","var":"ticket_limit"},"5113227":{"id":"5113227","label":"イベント作成日時（Doorkeeper）","properties":{"defaultExpression":"NOW","defaultValue":null,"noLabel":"false","required":"false","unique":"false"},"type":"DATETIME","var":"published_at"},"5113228":{"id":"5113228","label":"イベント更新日時（Doorkeeper）","properties":{"defaultExpression":"NOW","defaultValue":null,"noLabel":"false","required":"false","unique":"false"},"type":"DATETIME","var":"updated_at"},"5113229":{"id":"5113229","label":"バナーURI","properties":{"defaultValue":"","max":null,"min":null,"noLabel":"false","protocol":"WEB","required":"false","unique":"false"},"type":"LINK","var":"banner"},"5113230":{"id":"5113230","label":"イベント内容","properties":{"defaultValue":"","noLabel":"false","required":"false"},"type":"MULTIPLE_LINE_TEXT","var":"description"},"5113231":{"id":"5113231","label":"DoorkeeperイベントURI","properties":{"defaultValue":"","max":null,"min":null,"noLabel":"false","protocol":"WEB","required":"false","unique":"false"},"type":"LINK","var":"public_url"},"5113232":{"id":"5113232","label":"参加者数","properties":{"defaultValue":null,"digit":"false","displayScale":null,"max":null,"min":null,"noLabel":"false","required":"false","roundingMode":null,"scale":null,"unique":"false"},"type":"DECIMAL","var":"participants"},"5113233":{"id":"5113233","label":"キャンセル待ち人数","properties":{"defaultValue":null,"digit":"false","displayScale":null,"max":null,"min":null,"noLabel":"false","required":"false","roundingMode":null,"scale":null,"unique":"false"},"type":"DECIMAL","var":"waitlisted"}},"id":"1","label":"__ROOT__","var":"__ROOT__"}},"status":{"actions":[],"filters":[],"initialStateId":null,"states":[],"useStatus":"false"},"uuid":"6ed4841f-d31f-4699-ab36-f997f1f38017","views":[{"advancedMode":"false","builtinType":null,"fields":[{"row":[{"id":"5113214"},{"id":"5113220"},{"id":"5113222"},{"id":"5113223"},{"id":"5113226"},{"id":"5113232"},{"id":"5113233"},{"id":"5113231"}]}],"filter":{"category":null,"offset":null,"order":["DESC"],"q":"f5113220 \u003E= TODAY()","size":null,"sort":["f5113210"]},"html":null,"keyFieldId":null,"name":"デフォルト","pager":null,"revision":null,"titleFieldId":null,"view":"5113217","viewType":"LIST"},{"advancedMode":null,"builtinType":"ALL","fields":[{"row":[{"id":"5113206"},{"id":"5113214"},{"id":"5113215"},{"id":"5113220"},{"id":"5113221"},{"id":"5113222"},{"id":"5113223"},{"id":"5113224"},{"id":"5113225"},{"id":"5113226"},{"id":"5113227"},{"id":"5113228"},{"id":"5113229"},{"id":"5113230"},{"id":"5113231"},{"id":"5113232"},{"id":"5113233"}]}],"filter":{"category":null,"offset":null,"order":[],"q":null,"size":null,"sort":[]},"html":null,"keyFieldId":null,"name":"（すべて）","pager":null,"revision":null,"titleFieldId":null,"view":"20","viewType":"LIST"}]}],"description":"Doorkeeperの「kintone Café」イベント情報を取り込みます。\n※DoorkeeperAPI（イベント取得）を利用","iconKey":"20140727033127E782EA5358684C6A8CBFB3D56249729A022","iconMeta":{"internalName":null,"mime":"image/jpeg","name":"kintone-cup2.jpg"},"iconSrcAppId":"6ed4841f-d31f-4699-ab36-f997f1f38017","iconType":"BLOB","idConversionMap":{"600":"6ed4841f-d31f-4699-ab36-f997f1f38017"},"imagesMeta":[],"lookups":[],"name":"kintone Caféイベントアプリ","references":[],"version":"12"}