{"actions":[],"apps":[{"acl":{"app":[],"field":[],"record":[]},"app":null,"category":{"categories":[],"useCategory":"false"},"form":{"layout":"[{\"id\":null,\"type\":\"ROW\",\"isSubTable\":false,\"var\":null,\"controlList\":[{\"isVirtical\":true,\"styleMap\":{\"width\":193,\"height\":58},\"innerComponentSize\":{\"width\":178,\"height\":28},\"type\":\"SINGLE_LINE_TEXT\",\"var\":\"title\",\"label\":\"Title\"},{\"isVirtical\":true,\"styleMap\":{\"width\":400,\"height\":58},\"innerComponentSize\":{\"width\":385,\"height\":28},\"type\":\"SINGLE_LINE_TEXT\",\"var\":\"description\",\"label\":\"Description\"}]},{\"id\":null,\"type\":\"ROW\",\"isSubTable\":false,\"var\":null,\"controlList\":[{\"isVirtical\":true,\"styleMap\":{\"width\":386,\"height\":58},\"innerComponentSize\":{\"width\":371,\"height\":28},\"type\":\"LINK\",\"var\":\"image\",\"label\":\"Image URL\"},{\"isVirtical\":true,\"styleMap\":{\"width\":207,\"height\":62},\"innerComponentSize\":{\"width\":192,\"height\":32},\"type\":\"FILE\",\"var\":\"attach\",\"label\":\"Attached image\"}]},{\"id\":null,\"type\":\"ROW\",\"isSubTable\":false,\"var\":null,\"controlList\":[{\"isVirtical\":true,\"styleMap\":{\"width\":386,\"height\":58},\"innerComponentSize\":{\"width\":371,\"height\":28},\"type\":\"LINK\",\"var\":\"thumb\",\"label\":\"Thumbnail URL\"}]}]","revision":null},"iconMeta":{"internalName":null,"mime":"image/png","name":"Screen Shot 2014-04-06 at 15.14.48.png"},"info":{"code":null,"decimalPrecision":"16","decimalScale":"4","description":"\u003Cbr /\u003E","enableBulkDeletion":"false","fiscalYearStartMonth":"4","iconKey":"8761","iconType":"BLOB","jsFiles":null,"jsScope":"ALL","name":"Simple slider App","roundingMode":"HALF_EVEN","theme":"PLAIN","titleComponentLocalId":null,"titleMaxLength":"30","useComment":"true","useHistory":"true","useThumbnail":"true"},"jsFiles":[{"jsFileMetas":[{"internalName":null,"locationType":"BLOB","mime":"text/javascript","name":"galleriaSimple.js","url":null}],"jsType":"DESKTOP"}],"notification":{"appNotifications":[{"events":["RECORD_COMMENT_ADDED"],"target":{"entityId":"137272","entityType":"FIELD_ENTITY","includeSubs":"false"}},{"events":["RECORD_COMMENT_ADDED"],"target":{"entityId":"137273","entityType":"FIELD_ENTITY","includeSubs":"false"}}],"recordNotifications":[],"reminderTimezone":null,"reminders":[],"useComment":"true","useReminder":"false"},"reports":[],"resource":{"tables":[{"rows":[{"fields":[],"objectId":"0"}],"type":"AppName"},{"rows":[{"fields":[],"objectId":"137283"},{"fields":[],"objectId":"137282"},{"fields":[],"objectId":"137281"},{"fields":[],"objectId":"137271"},{"fields":[],"objectId":"137280"},{"fields":[],"objectId":"137272"},{"fields":[],"objectId":"137273"},{"fields":[],"objectId":"137274"},{"fields":[],"objectId":"137275"},{"fields":[],"objectId":"137276"},{"fields":[],"objectId":"137277"},{"fields":[],"objectId":"137278"},{"fields":[],"objectId":"137279"}],"type":"FieldLabel"},{"rows":[{"fields":[],"objectId":"137285"},{"fields":[],"objectId":"20"}],"type":"ViewName"},{"rows":[{"fields":[],"objectId":"0"}],"type":"AppDescription"}]},"schema":{"groups":[],"revision":null,"subTable":{},"table":{"fieldList":{"137271":{"id":"137271","label":"レコード番号","properties":{"noLabel":"false","required":"true"},"type":"RECORD_ID","var":"レコード番号"},"137272":{"id":"137272","label":"更新者","properties":{"noLabel":"false","required":"true"},"type":"MODIFIER","var":"更新者"},"137273":{"id":"137273","label":"作成者","properties":{"noLabel":"false","required":"true"},"type":"CREATOR","var":"作成者"},"137274":{"id":"137274","label":"更新日時","properties":{"noLabel":"false","required":"true"},"type":"MODIFIED_AT","var":"更新日時"},"137275":{"id":"137275","label":"作成日時","properties":{"noLabel":"false","required":"true"},"type":"CREATED_AT","var":"作成日時"},"137276":{"id":"137276","label":"ステータス","properties":{"noLabel":"false","required":"false"},"type":"STATUS","var":"ステータス"},"137277":{"id":"137277","label":"作業者","properties":{"noLabel":"false","required":"false"},"type":"STATUS_ASSIGNEE","var":"作業者"},"137278":{"id":"137278","label":"カテゴリー","properties":{"noLabel":"false","required":"false"},"type":"CATEGORY","var":"カテゴリー"},"137279":{"id":"137279","label":"Title","properties":{"defaultValue":"","expression":"","max":null,"min":null,"noLabel":"false","required":"false","unique":"false"},"type":"SINGLE_LINE_TEXT","var":"title"},"137280":{"id":"137280","label":"Description","properties":{"defaultValue":"","expression":"","max":null,"min":null,"noLabel":"false","required":"false","unique":"false"},"type":"SINGLE_LINE_TEXT","var":"description"},"137281":{"id":"137281","label":"Image URL","properties":{"defaultValue":"","max":null,"min":null,"noLabel":"false","protocol":"WEB","required":"true","unique":"false"},"type":"LINK","var":"image"},"137282":{"id":"137282","label":"Attached image","properties":{"noLabel":"false","required":"false","thumbnailSize":"150"},"type":"FILE","var":"attach"},"137283":{"id":"137283","label":"Thumbnail URL","properties":{"defaultValue":"","max":null,"min":null,"noLabel":"false","protocol":"WEB","required":"false","unique":"false"},"type":"LINK","var":"thumb"}},"id":"1","label":"__ROOT__","var":"__ROOT__"}},"status":{"actions":[],"filters":[],"initialStateId":null,"states":[],"useStatus":"false"},"uuid":"89453672-5961-4546-8678-db3d7aa2d18a","views":[{"advancedMode":"false","builtinType":null,"fields":[{"row":[{"id":"137279"},{"id":"137280"},{"id":"137281"}]}],"filter":{"category":null,"offset":null,"order":["DESC"],"q":null,"size":null,"sort":["f137275"]},"html":null,"keyFieldId":null,"name":"default","pager":null,"revision":null,"titleFieldId":null,"view":"137285","viewType":"LIST"},{"advancedMode":null,"builtinType":"ALL","fields":[{"row":[{"id":"137271"},{"id":"137279"},{"id":"137280"},{"id":"137281"},{"id":"137282"},{"id":"137283"}]}],"filter":{"category":null,"offset":null,"order":[],"q":null,"size":null,"sort":[]},"html":null,"keyFieldId":null,"name":"（すべて）","pager":null,"revision":null,"titleFieldId":null,"view":"20","viewType":"LIST"}]}],"description":"See bellow,\n\nhttps://github.com/yamaryu0508/kintone-JS/slider","iconKey":"201404060647370492A08C79DA42A7ABE95D1162D9F985010","iconMeta":{"internalName":null,"mime":"image/png","name":"Screen Shot 2014-04-06 at 15.14.48.png"},"iconSrcAppId":"89453672-5961-4546-8678-db3d7aa2d18a","iconType":"BLOB","idConversionMap":{"504":"89453672-5961-4546-8678-db3d7aa2d18a"},"imagesMeta":[],"lookups":[],"name":"Simple slider App","references":[],"version":"11"}