{"actions":[],"apps":[{"acl":{"app":[],"field":[],"record":[]},"app":null,"category":{"categories":[],"useCategory":"false"},"form":{"layout":"[{\"id\":null,\"type\":\"ROW\",\"isSubTable\":false,\"var\":null,\"controlList\":[{\"label\":\"\u003Cb\u003E\u003Cfont size=\\\"4\\\"\u003ETopic information\u003C/font\u003E\u003C/b\u003E\",\"styleMap\":{\"width\":202,\"height\":41},\"innerComponentSize\":{\"width\":173,\"height\":33},\"type\":\"LABEL\"}]},{\"id\":null,\"type\":\"ROW\",\"isSubTable\":false,\"var\":null,\"controlList\":[{\"isVirtical\":true,\"styleMap\":{\"width\":386,\"height\":64},\"innerComponentSize\":{\"width\":371,\"height\":28},\"type\":\"SINGLE_LINE_TEXT\",\"var\":\"headline\",\"label\":\"Headline (title)\"},{\"isVirtical\":true,\"styleMap\":{\"width\":117,\"height\":60},\"innerComponentSize\":{\"width\":102,\"height\":24},\"type\":\"DATE\",\"var\":\"startDate\",\"label\":\"Start date\"},{\"isVirtical\":true,\"styleMap\":{\"width\":117,\"height\":60},\"innerComponentSize\":{\"width\":102,\"height\":24},\"type\":\"DATE\",\"var\":\"endDate\",\"label\":\"End date\"}]},{\"id\":null,\"type\":\"ROW\",\"isSubTable\":false,\"var\":null,\"controlList\":[{\"isVirtical\":true,\"styleMap\":{\"width\":386,\"height\":161},\"innerComponentSize\":{\"width\":371,\"height\":120},\"type\":\"EDITOR\",\"var\":\"text\",\"label\":\"Text\"},{\"isVirtical\":true,\"styleMap\":{\"width\":234,\"height\":64},\"innerComponentSize\":{\"width\":219,\"height\":28},\"type\":\"SINGLE_LINE_TEXT\",\"var\":\"tag\",\"label\":\"Tag\"}]},{\"id\":null,\"type\":\"ROW\",\"isSubTable\":false,\"var\":null,\"controlList\":[{\"styleMap\":{\"width\":65,\"height\":38},\"innerComponentSize\":{\"width\":50,\"height\":30},\"elementId\":\"\",\"type\":\"SPACER\"}]},{\"id\":null,\"type\":\"ROW\",\"isSubTable\":false,\"var\":null,\"controlList\":[{\"label\":\"\u003Cb\u003E\u003Cfont size=\\\"4\\\"\u003EMedia\u003C/font\u003E\u003C/b\u003E\",\"styleMap\":{\"width\":90,\"height\":41},\"innerComponentSize\":{\"width\":61,\"height\":33},\"type\":\"LABEL\"}]},{\"id\":null,\"type\":\"ROW\",\"isSubTable\":false,\"var\":null,\"controlList\":[{\"isVirtical\":true,\"styleMap\":{\"width\":386,\"height\":64},\"innerComponentSize\":{\"width\":371,\"height\":28},\"type\":\"SINGLE_LINE_TEXT\",\"var\":\"media\",\"label\":\"Media URL\"},{\"isVirtical\":true,\"styleMap\":{\"width\":234,\"height\":59},\"innerComponentSize\":{\"width\":213,\"height\":23},\"type\":\"SINGLE_SELECT\",\"var\":\"credit\",\"label\":\"Credit\"}]},{\"id\":null,\"type\":\"ROW\",\"isSubTable\":false,\"var\":null,\"controlList\":[{\"isVirtical\":true,\"styleMap\":{\"width\":386,\"height\":64},\"innerComponentSize\":{\"width\":371,\"height\":28},\"type\":\"SINGLE_LINE_TEXT\",\"var\":\"thumbnail\",\"label\":\"Thumbnail URL\"},{\"isVirtical\":true,\"styleMap\":{\"width\":234,\"height\":68},\"innerComponentSize\":{\"width\":219,\"height\":32},\"type\":\"FILE\",\"var\":\"image\",\"label\":\"Image\"}]},{\"id\":null,\"type\":\"ROW\",\"isSubTable\":false,\"var\":null,\"controlList\":[{\"isVirtical\":true,\"styleMap\":{\"width\":620,\"height\":64},\"innerComponentSize\":{\"width\":605,\"height\":28},\"type\":\"SINGLE_LINE_TEXT\",\"var\":\"caption\",\"label\":\"Caption\"}]},{\"id\":null,\"type\":\"ROW\",\"isSubTable\":false,\"var\":null,\"controlList\":[{\"styleMap\":{\"width\":65,\"height\":38},\"innerComponentSize\":{\"width\":50,\"height\":30},\"elementId\":\"\",\"type\":\"SPACER\"}]},{\"id\":null,\"type\":\"ROW\",\"isSubTable\":false,\"var\":null,\"controlList\":[{\"label\":\"\u003Cb\u003E\u003Cfont size=\\\"4\\\"\u003EOption\u003C/font\u003E\u003C/b\u003E\",\"styleMap\":{\"width\":98,\"height\":41},\"innerComponentSize\":{\"width\":69,\"height\":33},\"type\":\"LABEL\"}]},{\"id\":null,\"type\":\"ROW\",\"isSubTable\":false,\"var\":null,\"controlList\":[{\"isVirtical\":true,\"styleMap\":{\"width\":193,\"height\":64},\"innerComponentSize\":{\"width\":178,\"height\":28},\"type\":\"SINGLE_LINE_TEXT\",\"var\":\"classname\",\"label\":\"Class name\"}]}]","revision":null},"iconMeta":{"internalName":null,"mime":"image/png","name":"screenshot.png"},"info":{"code":null,"decimalPrecision":"16","decimalScale":"4","description":"\u003Cbr /\u003E","enableBulkDeletion":"false","fiscalYearStartMonth":"4","iconKey":"8779","iconType":"BLOB","jsFiles":null,"jsScope":"ALL","name":"Timeline App","roundingMode":"HALF_EVEN","theme":"TASK","titleComponentLocalId":null,"titleMaxLength":"30","useComment":"true","useHistory":"true","useThumbnail":"true"},"jsFiles":[{"jsFileMetas":[{"internalName":null,"locationType":"BLOB","mime":"text/javascript","name":"tlSimple.js","url":null}],"jsType":"DESKTOP"}],"notification":{"appNotifications":[{"events":["RECORD_COMMENT_ADDED"],"target":{"entityId":"137221","entityType":"FIELD_ENTITY","includeSubs":"false"}},{"events":["RECORD_COMMENT_ADDED"],"target":{"entityId":"137222","entityType":"FIELD_ENTITY","includeSubs":"false"}}],"recordNotifications":[],"reminderTimezone":null,"reminders":[],"useComment":"true","useReminder":"false"},"plugin":{"pluginIds":[]},"reports":[],"resource":{"tables":[{"rows":[{"fields":[],"objectId":"0","subObjectId":"-1"}],"type":"AppName"},{"rows":[{"fields":[],"objectId":"137220","subObjectId":"-1"},{"fields":[],"objectId":"137221","subObjectId":"-1"},{"fields":[],"objectId":"137222","subObjectId":"-1"},{"fields":[],"objectId":"137223","subObjectId":"-1"},{"fields":[],"objectId":"137224","subObjectId":"-1"},{"fields":[],"objectId":"137225","subObjectId":"-1"},{"fields":[],"objectId":"137226","subObjectId":"-1"},{"fields":[],"objectId":"137227","subObjectId":"-1"},{"fields":[],"objectId":"137229","subObjectId":"-1"},{"fields":[],"objectId":"137236","subObjectId":"-1"},{"fields":[],"objectId":"137238","subObjectId":"-1"},{"fields":[],"objectId":"137258","subObjectId":"-1"},{"fields":[],"objectId":"137258","subObjectId":"137246"},{"fields":[],"objectId":"137258","subObjectId":"137248"},{"fields":[],"objectId":"137258","subObjectId":"137269"},{"fields":[],"objectId":"137258","subObjectId":"137261"},{"fields":[],"objectId":"137258","subObjectId":"137260"},{"fields":[],"objectId":"137258","subObjectId":"137250"},{"fields":[],"objectId":"137258","subObjectId":"137249"},{"fields":[],"objectId":"137258","subObjectId":"137247"},{"fields":[],"objectId":"137258","subObjectId":"137263"},{"fields":[],"objectId":"137258","subObjectId":"137262"},{"fields":[],"objectId":"137259","subObjectId":"-1"},{"fields":[],"objectId":"137264","subObjectId":"-1"},{"fields":[],"objectId":"137265","subObjectId":"-1"},{"fields":[],"objectId":"137266","subObjectId":"-1"},{"fields":[],"objectId":"137267","subObjectId":"-1"},{"fields":[],"objectId":"137268","subObjectId":"-1"},{"fields":[],"objectId":"137286","subObjectId":"-1"}],"type":"FieldLabel"},{"rows":[{"fields":[],"objectId":"137240","subObjectId":"-1"},{"fields":[],"objectId":"20","subObjectId":"-1"}],"type":"ViewName"},{"rows":[{"fields":[],"objectId":"0","subObjectId":"-1"}],"type":"AppDescription"}]},"schema":{"groups":[],"revision":null,"subTable":{},"table":{"fieldList":{"137220":{"id":"137220","label":"Record number","properties":{"noLabel":"false","required":"true"},"type":"RECORD_ID","var":"Record_number"},"137221":{"id":"137221","label":"Last modified by","properties":{"noLabel":"false","required":"true"},"type":"MODIFIER","var":"Last_modified_by"},"137222":{"id":"137222","label":"Author","properties":{"noLabel":"false","required":"true"},"type":"CREATOR","var":"Author"},"137223":{"id":"137223","label":"Updated datetime","properties":{"noLabel":"false","required":"true"},"type":"MODIFIED_AT","var":"Updated_datetime"},"137224":{"id":"137224","label":"Created datetime","properties":{"noLabel":"false","required":"true"},"type":"CREATED_AT","var":"Created_datetime"},"137225":{"id":"137225","label":"Status","properties":{"noLabel":"false","required":"false"},"type":"STATUS","var":"Status"},"137226":{"id":"137226","label":"Assignee","properties":{"noLabel":"false","required":"false"},"type":"STATUS_ASSIGNEE","var":"Assignee"},"137227":{"id":"137227","label":"Categories","properties":{"noLabel":"false","required":"false"},"type":"CATEGORY","var":"Categories"},"137229":{"id":"137229","label":"Headline (title)","properties":{"defaultValue":"","expression":"","hideExpression":"false","max":null,"min":null,"noLabel":"false","required":"true","unique":"false"},"type":"SINGLE_LINE_TEXT","var":"headline"},"137236":{"id":"137236","label":"Media URL","properties":{"defaultValue":"https://","expression":"","hideExpression":"false","max":null,"min":null,"noLabel":"false","required":"true","unique":"false"},"type":"SINGLE_LINE_TEXT","var":"media"},"137238":{"id":"137238","label":"Caption","properties":{"defaultValue":"","expression":"","hideExpression":"false","max":null,"min":null,"noLabel":"false","required":"false","unique":"false"},"type":"SINGLE_LINE_TEXT","var":"caption"},"137258":{"id":"137258","label":"Credit","properties":{"defaultValue":null,"noLabel":"false","options":[{"id":"137246","label":"YouTube","valid":true},{"id":"137248","label":"Flickr","valid":true},{"id":"137269","label":"Picasa","valid":true},{"id":"137261","label":"Vine","valid":true},{"id":"137260","label":"My picture attached on kintone","valid":true},{"id":"137250","label":"Other contents","valid":true},{"id":"137249","label":"Twitter","valid":false},{"id":"137247","label":"Vimeo","valid":false},{"id":"137263","label":"SoundCloud","valid":false},{"id":"137262","label":"Wikipedia","valid":false}],"required":"false"},"type":"SINGLE_SELECT","var":"credit"},"137259":{"id":"137259","label":"Image","properties":{"noLabel":"false","required":"false","thumbnailSize":"150"},"type":"FILE","var":"image"},"137264":{"id":"137264","label":"Start date","properties":{"defaultExpression":"NOW","defaultValue":null,"noLabel":"false","required":"true","unique":"false"},"type":"DATE","var":"startDate"},"137265":{"id":"137265","label":"End date","properties":{"defaultExpression":"NOW","defaultValue":null,"noLabel":"false","required":"true","unique":"false"},"type":"DATE","var":"endDate"},"137266":{"id":"137266","label":"Tag","properties":{"defaultValue":"","expression":"","hideExpression":"false","max":null,"min":null,"noLabel":"false","required":"false","unique":"false"},"type":"SINGLE_LINE_TEXT","var":"tag"},"137267":{"id":"137267","label":"Thumbnail URL","properties":{"defaultValue":"https://","expression":"","hideExpression":"false","max":null,"min":null,"noLabel":"false","required":"false","unique":"false"},"type":"SINGLE_LINE_TEXT","var":"thumbnail"},"137268":{"id":"137268","label":"Class name","properties":{"defaultValue":"","expression":"","hideExpression":"false","max":null,"min":null,"noLabel":"false","required":"false","unique":"false"},"type":"SINGLE_LINE_TEXT","var":"classname"},"137286":{"id":"137286","label":"Text","properties":{"defaultValue":"","noLabel":"false","required":"false"},"type":"EDITOR","var":"text"}},"id":"1","label":"__ROOT__","var":"__ROOT__"}},"status":{"actions":[],"filters":[],"initialStateId":null,"states":[],"useStatus":"false"},"uuid":"4ff8e56a-34a1-42aa-b456-8907681ca378","views":[{"advancedMode":"false","builtinType":null,"fields":[{"row":[{"id":"137229"},{"id":"137236"},{"id":"137258"},{"id":"137266"}]}],"filter":{"category":null,"offset":null,"order":["DESC"],"q":null,"size":null,"sort":["f137224"]},"html":null,"keyFieldId":null,"name":"default","pager":null,"revision":null,"titleFieldId":null,"view":"137240","viewType":"LIST"},{"advancedMode":null,"builtinType":"ALL","fields":[{"row":[{"id":"137220"},{"id":"137229"},{"id":"137236"},{"id":"137238"},{"id":"137258"},{"id":"137259"},{"id":"137264"},{"id":"137265"},{"id":"137266"},{"id":"137267"},{"id":"137268"},{"id":"137286"}]}],"filter":{"category":null,"offset":null,"order":[],"q":null,"size":null,"sort":[]},"html":null,"keyFieldId":null,"name":"(All fields)","pager":null,"revision":null,"titleFieldId":null,"view":"20","viewType":"LIST"}]}],"description":"See bellow,\n\nhttps://github.com/yamaryu0508/kintone-JS/timeline","iconKey":"201404090447145A0528ACC7644BD9850AB9F7032DB2F8349","iconMeta":{"internalName":null,"mime":"image/png","name":"screenshot.png"},"iconSrcAppId":"4ff8e56a-34a1-42aa-b456-8907681ca378","iconType":"BLOB","idConversionMap":{"505":"4ff8e56a-34a1-42aa-b456-8907681ca378"},"imagesMeta":[],"lookups":[],"name":"Timeline App","references":[],"version":"12"}