{"actions":[],"apps":[{"acl":{"app":[],"field":[],"record":[]},"app":null,"category":{"categories":[],"useCategory":"false"},"form":{"layout":"[{\"id\":null,\"type\":\"ROW\",\"isSubTable\":false,\"var\":null,\"controlList\":[{\"label\":\"\u003Cb\u003E\u003Cfont size=\\\"4\\\"\u003ETopic information\u003C/font\u003E\u003C/b\u003E\",\"styleMap\":{\"width\":208,\"height\":41},\"innerComponentSize\":{\"width\":179,\"height\":33},\"type\":\"LABEL\"}]},{\"id\":null,\"type\":\"ROW\",\"isSubTable\":false,\"var\":null,\"controlList\":[{\"isVirtical\":true,\"styleMap\":{\"width\":386,\"height\":58},\"innerComponentSize\":{\"width\":371,\"height\":28},\"type\":\"SINGLE_LINE_TEXT\",\"var\":\"headline\",\"label\":\"Headline (title)\"},{\"isVirtical\":true,\"styleMap\":{\"width\":193,\"height\":58},\"innerComponentSize\":{\"width\":178,\"height\":28},\"type\":\"SINGLE_LINE_TEXT\",\"var\":\"date\",\"label\":\"Date\"}]},{\"id\":null,\"type\":\"ROW\",\"isSubTable\":false,\"var\":null,\"controlList\":[{\"isVirtical\":true,\"styleMap\":{\"width\":386,\"height\":161},\"innerComponentSize\":{\"width\":371,\"height\":126},\"type\":\"MULTIPLE_LINE_TEXT\",\"var\":\"text\",\"label\":\"Text\"}]},{\"id\":null,\"type\":\"ROW\",\"isSubTable\":false,\"var\":null,\"controlList\":[{\"styleMap\":{\"width\":65,\"height\":38},\"innerComponentSize\":{\"width\":50,\"height\":30},\"elementId\":\"\",\"type\":\"SPACER\"}]},{\"id\":null,\"type\":\"ROW\",\"isSubTable\":false,\"var\":null,\"controlList\":[{\"label\":\"\u003Cb\u003E\u003Cfont size=\\\"4\\\"\u003ELocation\u003C/font\u003E\u003C/b\u003E\",\"styleMap\":{\"width\":118,\"height\":41},\"innerComponentSize\":{\"width\":89,\"height\":33},\"type\":\"LABEL\"}]},{\"id\":null,\"type\":\"ROW\",\"isSubTable\":false,\"var\":null,\"controlList\":[{\"isVirtical\":true,\"styleMap\":{\"width\":386,\"height\":58},\"innerComponentSize\":{\"width\":371,\"height\":28},\"type\":\"SINGLE_LINE_TEXT\",\"var\":\"name\",\"label\":\"Name (location address)\"},{\"isVirtical\":true,\"styleMap\":{\"width\":193,\"height\":53},\"innerComponentSize\":{\"width\":172,\"height\":23},\"type\":\"SINGLE_SELECT\",\"var\":\"zoom\",\"label\":\"Zoom\"},{\"isVirtical\":true,\"styleMap\":{\"width\":116,\"height\":49},\"innerComponentSize\":{\"width\":101,\"height\":19},\"type\":\"SINGLE_CHECK\",\"var\":\"line\",\"label\":\"Line\",\"align\":\"horizontal\"}]},{\"id\":null,\"type\":\"ROW\",\"isSubTable\":false,\"var\":null,\"controlList\":[{\"isVirtical\":true,\"styleMap\":{\"width\":193,\"height\":58},\"innerComponentSize\":{\"width\":178,\"height\":28},\"type\":\"SINGLE_LINE_TEXT\",\"var\":\"lat\",\"label\":\"Latitude\"},{\"isVirtical\":true,\"styleMap\":{\"width\":193,\"height\":58},\"innerComponentSize\":{\"width\":178,\"height\":28},\"type\":\"SINGLE_LINE_TEXT\",\"var\":\"lon\",\"label\":\"Longitude\"}]},{\"id\":null,\"type\":\"ROW\",\"isSubTable\":false,\"var\":null,\"controlList\":[{\"styleMap\":{\"width\":65,\"height\":38},\"innerComponentSize\":{\"width\":50,\"height\":30},\"elementId\":\"\",\"type\":\"SPACER\"}]},{\"id\":null,\"type\":\"ROW\",\"isSubTable\":false,\"var\":null,\"controlList\":[{\"label\":\"\u003Cb\u003E\u003Cfont size=\\\"4\\\"\u003EMedia\u003C/font\u003E\u003C/b\u003E\",\"styleMap\":{\"width\":93,\"height\":41},\"innerComponentSize\":{\"width\":64,\"height\":33},\"type\":\"LABEL\"}]},{\"id\":null,\"type\":\"ROW\",\"isSubTable\":false,\"var\":null,\"controlList\":[{\"isVirtical\":true,\"styleMap\":{\"width\":386,\"height\":58},\"innerComponentSize\":{\"width\":371,\"height\":28},\"type\":\"SINGLE_LINE_TEXT\",\"var\":\"url\",\"label\":\"URL\"},{\"isVirtical\":true,\"styleMap\":{\"width\":193,\"height\":53},\"innerComponentSize\":{\"width\":172,\"height\":23},\"type\":\"SINGLE_SELECT\",\"var\":\"credit\",\"label\":\"Credit\"},{\"isVirtical\":true,\"styleMap\":{\"width\":207,\"height\":62},\"innerComponentSize\":{\"width\":192,\"height\":32},\"type\":\"FILE\",\"var\":\"image\",\"label\":\"Image\"}]},{\"id\":null,\"type\":\"ROW\",\"isSubTable\":false,\"var\":null,\"controlList\":[{\"isVirtical\":true,\"styleMap\":{\"width\":579,\"height\":58},\"innerComponentSize\":{\"width\":564,\"height\":28},\"type\":\"SINGLE_LINE_TEXT\",\"var\":\"caption\",\"label\":\"Caption\"}]},{\"id\":null,\"type\":\"ROW\",\"isSubTable\":false,\"var\":null,\"controlList\":[{\"styleMap\":{\"width\":65,\"height\":38},\"innerComponentSize\":{\"width\":50,\"height\":30},\"elementId\":\"\",\"type\":\"SPACER\"}]}]","revision":null},"iconMeta":{"internalName":null,"mime":"image/png","name":"Screen Shot 2014-03-28 at 17.51.24.png"},"info":{"code":null,"decimalPrecision":"16","decimalScale":"4","description":"\u003Cbr /\u003E","enableBulkDeletion":"false","fiscalYearStartMonth":"4","iconKey":"8544","iconType":"BLOB","jsFiles":null,"jsScope":"ALL","name":"Story Map App","roundingMode":"HALF_EVEN","theme":"ITEM","titleComponentLocalId":null,"titleMaxLength":"30","useComment":"true","useHistory":"true","useThumbnail":"true"},"jsFiles":[{"jsFileMetas":[{"internalName":null,"locationType":"BLOB","mime":"text/javascript","name":"smMap.js","url":null},{"internalName":null,"locationType":"BLOB","mime":"text/javascript","name":"smSimple.js","url":null}],"jsType":"DESKTOP"}],"notification":{"appNotifications":[{"events":["RECORD_COMMENT_ADDED"],"target":{"entityId":"137221","entityType":"FIELD_ENTITY","includeSubs":"false"}},{"events":["RECORD_COMMENT_ADDED"],"target":{"entityId":"137222","entityType":"FIELD_ENTITY","includeSubs":"false"}}],"recordNotifications":[],"reminderTimezone":null,"reminders":[],"useComment":"true","useReminder":"false"},"reports":[],"resource":{"tables":[{"rows":[{"fields":[],"objectId":"0"}],"type":"AppName"},{"rows":[{"fields":[],"objectId":"137232"},{"fields":[],"objectId":"137233"},{"fields":[],"objectId":"137238"},{"fields":[],"objectId":"137236"},{"fields":[],"objectId":"137241"},{"fields":[],"objectId":"137244"},{"fields":[],"objectId":"137223"},{"fields":[],"objectId":"137222"},{"fields":[],"objectId":"137221"},{"fields":[],"objectId":"137220"},{"fields":[],"objectId":"137257"},{"fields":[],"objectId":"137227"},{"fields":[],"objectId":"137226"},{"fields":[],"objectId":"137225"},{"fields":[],"objectId":"137259"},{"fields":[],"objectId":"137224"},{"fields":[],"objectId":"137258"},{"fields":[],"objectId":"137231"},{"fields":[],"objectId":"137229"},{"fields":[],"objectId":"137228"}],"type":"FieldLabel"},{"rows":[{"fields":[],"objectId":"20"},{"fields":[],"objectId":"137240"}],"type":"ViewName"},{"rows":[{"fields":[],"objectId":"0"}],"type":"AppDescription"}]},"schema":{"groups":[],"revision":null,"subTable":{},"table":{"fieldList":{"137220":{"id":"137220","label":"Record number","properties":{"noLabel":"false","required":"true"},"type":"RECORD_ID","var":"Record_number"},"137221":{"id":"137221","label":"Last modified by","properties":{"noLabel":"false","required":"true"},"type":"MODIFIER","var":"Last_modified_by"},"137222":{"id":"137222","label":"Author","properties":{"noLabel":"false","required":"true"},"type":"CREATOR","var":"Author"},"137223":{"id":"137223","label":"Updated datetime","properties":{"noLabel":"false","required":"true"},"type":"MODIFIED_AT","var":"Updated_datetime"},"137224":{"id":"137224","label":"Created datetime","properties":{"noLabel":"false","required":"true"},"type":"CREATED_AT","var":"Created_datetime"},"137225":{"id":"137225","label":"Status","properties":{"noLabel":"false","required":"false"},"type":"STATUS","var":"Status"},"137226":{"id":"137226","label":"Assignee","properties":{"noLabel":"false","required":"false"},"type":"STATUS_ASSIGNEE","var":"Assignee"},"137227":{"id":"137227","label":"Categories","properties":{"noLabel":"false","required":"false"},"type":"CATEGORY","var":"Categories"},"137228":{"id":"137228","label":"Date","properties":{"defaultValue":"","expression":"","max":null,"min":null,"noLabel":"false","required":"false","unique":"false"},"type":"SINGLE_LINE_TEXT","var":"date"},"137229":{"id":"137229","label":"Headline (title)","properties":{"defaultValue":"","expression":"","max":null,"min":null,"noLabel":"false","required":"true","unique":"false"},"type":"SINGLE_LINE_TEXT","var":"headline"},"137231":{"id":"137231","label":"Name (location address)","properties":{"defaultValue":"","expression":"","max":null,"min":null,"noLabel":"false","required":"true","unique":"false"},"type":"SINGLE_LINE_TEXT","var":"name"},"137232":{"id":"137232","label":"Latitude","properties":{"defaultValue":"","expression":"","max":null,"min":null,"noLabel":"false","required":"true","unique":"false"},"type":"SINGLE_LINE_TEXT","var":"lat"},"137233":{"id":"137233","label":"Longitude","properties":{"defaultValue":"","expression":"","max":null,"min":null,"noLabel":"false","required":"true","unique":"false"},"type":"SINGLE_LINE_TEXT","var":"lon"},"137236":{"id":"137236","label":"URL","properties":{"defaultValue":"https://","expression":"","max":null,"min":null,"noLabel":"false","required":"true","unique":"false"},"type":"SINGLE_LINE_TEXT","var":"url"},"137238":{"id":"137238","label":"Caption","properties":{"defaultValue":"","expression":"","max":null,"min":null,"noLabel":"false","required":"false","unique":"false"},"type":"SINGLE_LINE_TEXT","var":"caption"},"137241":{"id":"137241","label":"Text","properties":{"defaultValue":"","noLabel":"false","required":"false"},"type":"MULTIPLE_LINE_TEXT","var":"text"},"137244":{"id":"137244","label":"Line","properties":{"defaultValue":"137242","noLabel":"false","options":[{"id":"137242","label":"true","valid":true},{"id":"137243","label":"false","valid":true}],"required":"true"},"type":"SINGLE_CHECK","var":"line"},"137257":{"id":"137257","label":"Zoom","properties":{"defaultValue":"137253","noLabel":"false","options":[{"id":"137251","label":"0","valid":true},{"id":"137252","label":"3","valid":true},{"id":"137253","label":"7","valid":true},{"id":"137254","label":"10","valid":true},{"id":"137255","label":"13","valid":true},{"id":"137256","label":"17","valid":false}],"required":"false"},"type":"SINGLE_SELECT","var":"zoom"},"137258":{"id":"137258","label":"Credit","properties":{"defaultValue":null,"noLabel":"false","options":[{"id":"137246","label":"YouTube","valid":true},{"id":"137248","label":"Flickr","valid":true},{"id":"137270","label":"Picasa","valid":true},{"id":"137261","label":"Vine","valid":true},{"id":"137260","label":"My picture attached on kintone","valid":true},{"id":"137250","label":"Other contents","valid":true},{"id":"137249","label":"Twitter","valid":false},{"id":"137247","label":"Vimeo","valid":false},{"id":"137263","label":"SoundCloud","valid":false},{"id":"137262","label":"Wikipedia","valid":false}],"required":"false"},"type":"SINGLE_SELECT","var":"credit"},"137259":{"id":"137259","label":"Image","properties":{"noLabel":"false","required":"false","thumbnailSize":"150"},"type":"FILE","var":"image"}},"id":"1","label":"__ROOT__","var":"__ROOT__"}},"status":{"actions":[],"filters":[],"initialStateId":null,"states":[],"useStatus":"false"},"uuid":"6735bf3b-3bb4-4678-9053-2c6e45a96bf8","views":[{"advancedMode":"false","builtinType":null,"fields":[{"row":[{"id":"137229"},{"id":"137241"},{"id":"137231"},{"id":"137236"},{"id":"137258"}]}],"filter":{"category":null,"offset":null,"order":["DESC"],"q":null,"size":null,"sort":["f137224"]},"html":null,"keyFieldId":null,"name":"default","pager":null,"revision":null,"titleFieldId":null,"view":"137240","viewType":"LIST"},{"advancedMode":null,"builtinType":"ALL","fields":[{"row":[{"id":"137220"},{"id":"137228"},{"id":"137229"},{"id":"137231"},{"id":"137232"},{"id":"137233"},{"id":"137236"},{"id":"137238"},{"id":"137241"},{"id":"137244"},{"id":"137257"},{"id":"137258"},{"id":"137259"}]}],"filter":{"category":null,"offset":null,"order":[],"q":null,"size":null,"sort":[]},"html":null,"keyFieldId":null,"name":"(All fields)","pager":null,"revision":null,"titleFieldId":null,"view":"20","viewType":"LIST"}]}],"description":"See bellow,\n\nhttps://github.com/yamaryu0508/kintone-JS/storyMap","iconKey":"2014033023022647010AECD3DF42BDA6D389B3C9F34F4B139","iconMeta":{"internalName":null,"mime":"image/png","name":"Screen Shot 2014-03-28 at 17.51.24.png"},"iconSrcAppId":"6735bf3b-3bb4-4678-9053-2c6e45a96bf8","iconType":"BLOB","idConversionMap":{"499":"6735bf3b-3bb4-4678-9053-2c6e45a96bf8"},"imagesMeta":[],"lookups":[],"name":"Story Map App","references":[],"version":"11"}